slice_lower_limit,slice_upper_limit,n,a,b,b_std,b_std/abs(b),abs(b)/b_std
1.000e-30,1.000e+23,0,nan,nan,nan,nan,nan
1.000e-30,1.100e+23,0,nan,nan,nan,nan,nan
1.000e-30,1.200e+23,0,nan,nan,nan,nan,nan
1.000e-30,1.300e+23,0,nan,nan,nan,nan,nan
1.000e-30,1.400e+23,0,nan,nan,nan,nan,nan
1.000e-30,1.500e+23,0,nan,nan,nan,nan,nan
1.000e-30,1.600e+23,0,nan,nan,nan,nan,nan
1.000e-30,1.700e+23,0,nan,nan,nan,nan,nan
1.000e-30,1.800e+23,0,nan,nan,nan,nan,nan
1.000e-30,1.900e+23,0,nan,nan,nan,nan,nan
1.000e-30,2.000e+23,0,nan,nan,nan,nan,nan
1.000e-30,2.100e+23,0,nan,nan,nan,nan,nan
1.000e-30,2.200e+23,0,nan,nan,nan,nan,nan
1.000e-30,2.300e+23,0,nan,nan,nan,nan,nan
1.000e-30,2.400e+23,0,nan,nan,nan,nan,nan
1.000e-30,2.500e+23,0,nan,nan,nan,nan,nan
1.000e-30,2.600e+23,0,nan,nan,nan,nan,nan
1.000e-30,2.700e+23,0,nan,nan,nan,nan,nan
1.000e-30,2.800e+23,0,nan,nan,nan,nan,nan
1.000e-30,2.900e+23,0,nan,nan,nan,nan,nan
1.000e-30,3.000e+23,0,nan,nan,nan,nan,nan
1.000e-30,3.100e+23,0,nan,nan,nan,nan,nan
1.000e-30,3.200e+23,0,nan,nan,nan,nan,nan
1.000e-30,3.300e+23,0,nan,nan,nan,nan,nan
1.000e-30,3.400e+23,0,nan,nan,nan,nan,nan
1.000e-30,3.500e+23,0,nan,nan,nan,nan,nan
1.000e-30,3.600e+23,0,nan,nan,nan,nan,nan
1.000e-30,3.700e+23,0,nan,nan,nan,nan,nan
1.000e-30,3.800e+23,0,nan,nan,nan,nan,nan
1.000e-30,3.900e+23,1,nan,nan,nan,nan,nan
1.000e-30,4.000e+23,1,nan,nan,nan,nan,nan
1.000e-30,4.100e+23,1,nan,nan,nan,nan,nan
1.000e-30,4.200e+23,2,nan,nan,nan,nan,nan
1.000e-30,4.300e+23,2,nan,nan,nan,nan,nan
1.000e-30,4.400e+23,2,nan,nan,nan,nan,nan
1.000e-30,4.500e+23,2,nan,nan,nan,nan,nan
1.000e-30,4.600e+23,2,nan,nan,nan,nan,nan
1.000e-30,4.700e+23,2,nan,nan,nan,nan,nan
1.000e-30,4.800e+23,2,nan,nan,nan,nan,nan
1.000e-30,4.900e+23,2,nan,nan,nan,nan,nan
1.000e-30,5.000e+23,2,nan,nan,nan,nan,nan
1.000e-30,5.100e+23,2,nan,nan,nan,nan,nan
1.000e-30,5.200e+23,2,nan,nan,nan,nan,nan
1.000e-30,5.300e+23,2,nan,nan,nan,nan,nan
1.000e-30,5.400e+23,2,nan,nan,nan,nan,nan
1.000e-30,5.500e+23,2,nan,nan,nan,nan,nan
1.000e-30,5.600e+23,2,nan,nan,nan,nan,nan
1.000e-30,5.700e+23,2,nan,nan,nan,nan,nan
1.000e-30,5.800e+23,2,nan,nan,nan,nan,nan
1.000e-30,5.900e+23,2,nan,nan,nan,nan,nan
1.000e-30,6.000e+23,3,nan,nan,nan,nan,nan
1.000e-30,6.100e+23,3,nan,nan,nan,nan,nan
1.000e-30,6.200e+23,3,nan,nan,nan,nan,nan
1.000e-30,6.300e+23,3,nan,nan,nan,nan,nan
1.000e-30,6.400e+23,3,nan,nan,nan,nan,nan
1.000e-30,6.500e+23,3,nan,nan,nan,nan,nan
1.000e-30,6.600e+23,3,nan,nan,nan,nan,nan
1.000e-30,6.700e+23,3,nan,nan,nan,nan,nan
1.000e-30,6.800e+23,3,nan,nan,nan,nan,nan
1.000e-30,6.900e+23,3,nan,nan,nan,nan,nan
1.000e-30,7.000e+23,3,nan,nan,nan,nan,nan
1.000e-30,7.100e+23,3,nan,nan,nan,nan,nan
1.000e-30,7.200e+23,3,nan,nan,nan,nan,nan
1.000e-30,7.300e+23,3,nan,nan,nan,nan,nan
1.000e-30,7.400e+23,3,nan,nan,nan,nan,nan
1.000e-30,7.500e+23,3,nan,nan,nan,nan,nan
1.000e-30,7.600e+23,3,nan,nan,nan,nan,nan
1.000e-30,7.700e+23,3,nan,nan,nan,nan,nan
1.000e-30,7.800e+23,3,nan,nan,nan,nan,nan
1.000e-30,7.900e+23,3,nan,nan,nan,nan,nan
1.000e-30,8.000e+23,3,nan,nan,nan,nan,nan
1.000e-30,8.100e+23,3,nan,nan,nan,nan,nan
1.000e-30,8.200e+23,3,nan,nan,nan,nan,nan
1.000e-30,8.300e+23,3,nan,nan,nan,nan,nan
1.000e-30,8.400e+23,3,nan,nan,nan,nan,nan
1.000e-30,8.500e+23,3,nan,nan,nan,nan,nan
1.000e-30,8.600e+23,3,nan,nan,nan,nan,nan
1.000e-30,8.700e+23,3,nan,nan,nan,nan,nan
1.000e-30,8.800e+23,3,nan,nan,nan,nan,nan
1.000e-30,8.900e+23,3,nan,nan,nan,nan,nan
1.000e-30,9.000e+23,3,nan,nan,nan,nan,nan
1.000e-30,9.100e+23,3,nan,nan,nan,nan,nan
1.000e-30,9.200e+23,3,nan,nan,nan,nan,nan
1.000e-30,9.300e+23,3,nan,nan,nan,nan,nan
1.000e-30,9.400e+23,3,nan,nan,nan,nan,nan
1.000e-30,9.500e+23,3,nan,nan,nan,nan,nan
1.000e-30,9.600e+23,3,nan,nan,nan,nan,nan
1.000e-30,9.700e+23,3,nan,nan,nan,nan,nan
1.000e-30,9.800e+23,3,nan,nan,nan,nan,nan
1.000e-30,9.900e+23,3,nan,nan,nan,nan,nan
1.000e-30,1.000e+24,3,nan,nan,nan,nan,nan
1.000e-30,1.100e+24,3,nan,nan,nan,nan,nan
1.000e-30,1.200e+24,4,nan,nan,nan,nan,nan
1.000e-30,1.300e+24,4,nan,nan,nan,nan,nan
1.000e-30,1.400e+24,4,nan,nan,nan,nan,nan
1.000e-30,1.500e+24,4,nan,nan,nan,nan,nan
1.000e-30,1.600e+24,4,nan,nan,nan,nan,nan
1.000e-30,1.700e+24,4,nan,nan,nan,nan,nan
1.000e-30,1.800e+24,5,334.236145133367,0.173278218851,0.367241683067,2.119375911763,0.471837013174
1.000e-30,1.900e+24,5,182.348156347523,0.184416122406,0.363805688056,1.972743398518,0.506908298744
1.000e-30,2.000e+24,6,21395.157954878905,0.096581463313,0.268150308797,2.776415883544,0.360176588071
1.000e-30,2.100e+24,7,1.577376861600,0.376930109410,0.002907497543,0.007713625074,129.640731866863
1.000e-30,2.200e+24,8,8.700979665541,1.197691402756,0.063259164787,0.052817582761,18.933089091414
1.000e-30,2.300e+24,8,0.813297365636,1.458655258446,0.018305799638,0.012549777976,79.682684576641
1.000e-30,2.400e+24,10,0.057606451355,-1.195527261629,0.145981972433,0.122106770057,8.189554105244
1.000e-30,2.500e+24,10,38.985673675322,-0.253118913525,0.000334196106,0.001320312661,757.396357572344
1.000e-30,2.600e+24,10,38.985673675322,-0.253118913525,0.000334196106,0.001320312661,757.396357572344
1.000e-30,2.700e+24,11,38.941333779415,-0.253384633945,0.000075423492,0.000297664034,3359.492196146863
1.000e-30,2.800e+24,12,0.580088157527,-0.338710879062,0.079720747462,0.235365181308,4.248716800176
1.000e-30,2.900e+24,13,0.582349323312,-0.321081593242,0.087082931946,0.271217453069,3.687078352380
1.000e-30,3.000e+24,13,0.582349323312,-0.321081593242,0.087082931946,0.271217453069,3.687078352380
1.000e-30,3.100e+24,13,0.582349323312,-0.321081593242,0.087082931946,0.271217453069,3.687078352380
1.000e-30,3.200e+24,14,0.599200807736,-0.229157293594,0.103408264102,0.451254518153,2.216044293790
1.000e-30,3.300e+24,15,1.569445540521,0.372995246569,0.000156487834,0.000419543776,2383.541496830956
1.000e-30,3.400e+24,15,1.569445540521,0.372995246569,0.000156487834,0.000419543776,2383.541496830956
1.000e-30,3.500e+24,15,1.569445540521,0.372995246569,0.000156487834,0.000419543776,2383.541496830956
1.000e-30,3.600e+24,16,0.791196573751,1.461642484146,0.024059846229,0.016460828479,60.750283697511
1.000e-30,3.700e+24,16,0.791196573751,1.461642484146,0.024059846229,0.016460828479,60.750283697511
1.000e-30,3.800e+24,17,39.223462268489,-0.246823200669,0.003511383820,0.014226311832,70.292287404644
1.000e-30,3.900e+24,17,39.223462268489,-0.246823200669,0.003511383820,0.014226311832,70.292287404644
1.000e-30,4.000e+24,18,39.280391506005,-0.236403657127,0.001301326919,0.005504681844,181.663541754927
1.000e-30,4.100e+24,18,0.589094452752,-0.412708550686,0.031120161793,0.075404693557,13.261773940412
1.000e-30,4.200e+24,20,38.864467740116,-0.246874637712,0.000259668569,0.001051823596,950.729764860497
1.000e-30,4.300e+24,22,0.590432496407,-0.427965050934,0.000438092740,0.001023664758,976.882316599279
1.000e-30,4.400e+24,22,0.590432496407,-0.427965050934,0.000438092740,0.001023664758,976.882316599279
1.000e-30,4.500e+24,22,1.569053002437,0.372854951436,0.000227193910,0.000609335908,1641.130922138878
1.000e-30,4.600e+24,24,1.570698480109,0.374029215204,0.000115377183,0.000308471045,3241.795348543237
1.000e-30,4.700e+24,24,1.570698480109,0.374029215204,0.000115377183,0.000308471045,3241.795348543237
1.000e-30,4.800e+24,25,0.796024312646,1.483735851528,0.001099326976,0.000740918254,1349.676560217481
1.000e-30,4.900e+24,25,1.567954466813,0.373094970686,0.000213658488,0.000572665152,1746.221148321041
1.000e-30,5.000e+24,25,38.982993251392,-0.238972772379,0.001426988334,0.005971342760,167.466521395418
1.000e-30,5.100e+24,25,38.982993251392,-0.238972772379,0.001426988334,0.005971342760,167.466521395418
1.000e-30,5.200e+24,25,38.982993251392,-0.238972772379,0.001426988334,0.005971342760,167.466521395418
1.000e-30,5.300e+24,25,38.982993251392,-0.238972772379,0.001426988334,0.005971342760,167.466521395418
1.000e-30,5.400e+24,25,38.982993251392,-0.238972772379,0.001426988334,0.005971342760,167.466521395418
1.000e-30,5.500e+24,26,39.097763275006,-0.239674293126,0.001235653677,0.005155553651,193.965588888719
1.000e-30,5.600e+24,26,1.576131169306,0.372495158349,0.000126527057,0.000339674368,2943.996059339085
1.000e-30,5.700e+24,27,39.201852041358,-0.238370634045,0.001330542932,0.005581824024,179.152906954404
1.000e-30,5.800e+24,28,1.571549135958,0.373533025278,0.000074608462,0.000199737258,5006.577200342736
1.000e-30,5.900e+24,29,1.572886701837,0.372662425158,0.000072218521,0.000193790723,5160.205721051969
1.000e-30,6.000e+24,29,1.572886701837,0.372662425158,0.000072218521,0.000193790723,5160.205721051969
1.000e-30,6.100e+24,29,1.572886701837,0.372662425158,0.000072218521,0.000193790723,5160.205721051969
1.000e-30,6.200e+24,29,1.572886701837,0.372662425158,0.000072218521,0.000193790723,5160.205721051969
1.000e-30,6.300e+24,31,38.982470454859,-0.242520717324,0.000353126425,0.001456067049,686.781560589107
1.000e-30,6.400e+24,31,1.570335934581,0.371112577947,0.002710663338,0.007304153777,136.908399037716
1.000e-30,6.500e+24,31,38.982470454859,-0.242520717324,0.000353126425,0.001456067049,686.781560589107
1.000e-30,6.600e+24,33,39.029607723163,-0.239109252352,0.001660743155,0.006945541164,143.977262010866
1.000e-30,6.700e+24,33,39.029607723163,-0.239109252352,0.001660743155,0.006945541164,143.977262010866
1.000e-30,6.800e+24,33,39.029607723163,-0.239109252352,0.001660743155,0.006945541164,143.977262010866
1.000e-30,6.900e+24,34,39.034480001641,-0.243553873247,0.001381630878,0.005672793700,176.279987045200
1.000e-30,7.000e+24,35,39.227095635535,-0.237332632383,0.001635409359,0.006890790122,145.121238973448
1.000e-30,7.100e+24,35,1.572319545707,0.371895727223,0.000106877591,0.000287385908,3479.641737234782
1.000e-30,7.200e+24,35,1.572319545707,0.371895727223,0.000106877591,0.000287385908,3479.641737234782
1.000e-30,7.300e+24,35,1.572319545707,0.371895727223,0.000106877591,0.000287385908,3479.641737234782
1.000e-30,7.400e+24,35,1.572319545707,0.371895727223,0.000106877591,0.000287385908,3479.641737234782
1.000e-30,7.500e+24,35,1.572319545707,0.371895727223,0.000106877591,0.000287385908,3479.641737234782
1.000e-30,7.600e+24,36,38.990860354422,-0.241090503375,0.000688176457,0.002854432040,350.332390498035
1.000e-30,7.700e+24,37,1.574536417969,0.373204492703,0.000107216585,0.000287286427,3480.846654932056
1.000e-30,7.800e+24,39,39.187008457732,-0.232880424920,0.001804288696,0.007747704415,129.070489320563
1.000e-30,7.900e+24,42,39.218847777844,-0.237985243601,0.000690385423,0.002900958952,344.713598651768
1.000e-30,8.000e+24,43,39.102690113168,-0.238778560056,0.001735039443,0.007266311693,137.621401640128
1.000e-30,8.100e+24,43,39.102690113168,-0.238778560056,0.001735039443,0.007266311693,137.621401640128
1.000e-30,8.200e+24,43,1.567897987237,0.372642850656,0.000210523416,0.000564946881,1770.077920437290
1.000e-30,8.300e+24,44,39.153879335669,-0.238817500625,0.000702211476,0.002940368585,340.093417240858
1.000e-30,8.400e+24,47,39.078786171044,-0.234267767520,0.000318944452,0.001361452561,734.509617714810
1.000e-30,8.500e+24,48,1.566253135036,0.371215867539,0.000219620841,0.000591625682,1690.257930385049
1.000e-30,8.600e+24,49,1.575241539816,0.372849649549,0.000104511231,0.000280303953,3567.555819512878
1.000e-30,8.700e+24,49,39.156028051857,-0.231846714358,0.002548775324,0.010993364003,90.963966967714
1.000e-30,8.800e+24,49,1.575241539816,0.372849649549,0.000104511231,0.000280303953,3567.555819512878
1.000e-30,8.900e+24,50,1.577739182281,0.372255990019,0.000222304972,0.000597183062,1674.528404621874
1.000e-30,9.000e+24,50,39.194990371511,-0.234685477163,0.001911173459,0.008143552307,122.796534269915
1.000e-30,9.100e+24,50,39.194990371511,-0.234685477163,0.001911173459,0.008143552307,122.796534269915
1.000e-30,9.200e+24,51,39.310034521554,-0.229152714683,0.001869122208,0.008156666225,122.599107577304
1.000e-30,9.300e+24,52,1.571679430337,0.371669838845,0.001029677435,0.002770408914,360.957544875602
1.000e-30,9.400e+24,52,39.045463044096,-0.227354070797,0.001919754939,0.008443899564,118.428694284316
1.000e-30,9.500e+24,53,39.181882786515,-0.231940359998,0.001720942343,0.007419762317,134.775206700926
1.000e-30,9.600e+24,53,1.576820605192,0.372297804149,0.000085201693,0.000228853600,4369.605730760522
1.000e-30,9.700e+24,53,39.181882786515,-0.231940359998,0.001720942343,0.007419762317,134.775206700926
1.000e-30,9.800e+24,56,39.196380014444,-0.237204782119,0.002309149035,0.009734833399,102.723894595691
1.000e-30,9.900e+24,56,39.196380014444,-0.237204782119,0.002309149035,0.009734833399,102.723894595691
1.000e-30,1.000e+25,56,39.196380014444,-0.237204782119,0.002309149035,0.009734833399,102.723894595691
1.000e-30,1.100e+25,64,39.289443537145,-0.224098540094,0.002500874833,0.011159710509,89.608059204981
1.000e-30,1.200e+25,75,39.327714949263,-0.231557579246,0.000793992885,0.003428922032,291.636844106266
1.000e-30,1.300e+25,86,39.393030369893,-0.222048360939,0.002069619391,0.009320579456,107.289466794311
1.000e-30,1.400e+25,96,39.477481283415,-0.210858001577,0.002400715484,0.011385460669,87.831316539483
1.000e-30,1.500e+25,104,39.512455926193,-0.215251171823,0.001823868471,0.008473210415,118.019021247309
1.000e-30,1.600e+25,108,39.430469751867,-0.210808241509,0.003319945281,0.015748650326,63.497504819633
1.000e-30,1.700e+25,115,39.398216621307,-0.219537201156,0.002473933106,0.011268855999,88.740152511737
1.000e-30,1.800e+25,125,39.518103409950,-0.203105781531,0.007549591112,0.037170734652,26.902885008132
1.000e-30,1.900e+25,136,39.556178888812,-0.203264097008,0.006047389339,0.029751389586,33.611875408299
1.000e-30,2.000e+25,141,39.523313523444,-0.205984010432,0.004576275946,0.022216656215,45.011273987508
1.000e-30,2.100e+25,153,39.561309926122,-0.201765099255,0.001288986360,0.006388549677,156.530049949227
1.000e-30,2.200e+25,161,39.828392988628,-0.200911439482,0.005905930866,0.029395692355,34.018589795806
1.000e-30,2.300e+25,174,39.948975413972,-0.196462786504,0.003967316189,0.020193728590,49.520324865543
1.000e-30,2.400e+25,180,39.819516166932,-0.191855050895,0.004488198507,0.023393694802,42.746560920558
1.000e-30,2.500e+25,196,40.076883342048,-0.201799332427,0.005833466301,0.028907262632,34.593382733777
1.000e-30,2.600e+25,206,39.893442103834,-0.205532615143,0.003197765917,0.015558435407,64.273815063066
1.000e-30,2.700e+25,218,40.116336748605,-0.189834640611,0.001820858768,0.009591815079,104.255554531688
1.000e-30,2.800e+25,228,40.029840938758,-0.183850981727,0.002523954277,0.013728261083,72.842437506716
1.000e-30,2.900e+25,239,40.114953484631,-0.182362622639,0.004803200324,0.026338732434,37.966899223693
1.000e-30,3.000e+25,247,40.002621597707,-0.187871292065,0.007236675434,0.038519325411,25.960994626247
1.000e-30,3.100e+25,253,40.072445136662,-0.175566641298,0.005706637562,0.032504110805,30.765339375432
1.000e-30,3.200e+25,259,40.354950301272,-0.163581130116,0.011377216788,0.069550912012,14.377956680561
1.000e-30,3.300e+25,266,40.482052106318,-0.168920951017,0.010683290601,0.063244319529,15.811696725452
1.000e-30,3.400e+25,274,40.817490226382,-0.159894060855,0.003740470909,0.023393432433,42.747040344282
1.000e-30,3.500e+25,283,43.989570778337,-0.031962423089,0.102760585152,3.215043642554,0.311037768435
1.000e-30,3.600e+25,290,43.160427007232,-0.053862905416,0.118474564526,2.199557628976,0.454636871899
1.000e-30,3.700e+25,300,45.049504586712,-0.000113153525,0.092251035432,815.273194174737,0.001226582705
1.000e-30,3.800e+25,315,44.944049147560,-0.007870722484,0.105106957835,13.354168952942,0.074882982500
1.000e-30,3.900e+25,323,44.983936065273,-0.004118488052,0.100440097336,24.387614110969,0.041004421156
1.000e-30,4.000e+25,328,45.423912559669,0.004609807176,0.106296970059,23.058875565678,0.043367249073
1.000e-30,4.100e+25,338,46.401432365910,0.011981646251,0.116641430264,9.735008681118,0.102722045019
1.000e-30,4.200e+25,349,47.637184471623,0.042658179041,0.103317114079,2.421976661996,0.412885894274
1.000e-30,4.300e+25,355,45.603843225356,0.005017831050,0.100665817595,20.061619572048,0.049846424234
1.000e-30,4.400e+25,365,46.600394196907,0.018257568402,0.105172066702,5.760464065532,0.173597124923
1.000e-30,4.500e+25,374,39.931930051046,-0.202388457051,0.059522029817,0.294097947500,3.400227742151
1.000e-30,4.600e+25,383,39.902668851165,-0.207431667703,0.028976237281,0.139690518819,7.158681981111
1.000e-30,4.700e+25,386,40.138733851838,-0.189497396583,0.070898543553,0.374139934541,2.672796747097
1.000e-30,4.800e+25,400,44.794331522922,-0.025979666070,0.126030343984,4.851114854447,0.206138182666
1.000e-30,4.900e+25,406,40.643547818229,-0.165557806417,0.091314864770,0.551558798379,1.813043329085
1.000e-30,5.000e+25,413,42.326058533754,-0.095608272661,0.126837803722,1.326640469397,0.753783728951
1.000e-30,5.100e+25,418,43.813493144594,-0.054867742324,0.136736019592,2.492102167854,0.401267657843
1.000e-30,5.200e+25,426,46.283496591583,0.013014362118,0.124724483007,9.583603243828,0.104344887258
1.000e-30,5.300e+25,432,47.681024676913,0.046079831957,0.105659556868,2.292967495341,0.436116081903
1.000e-30,5.400e+25,443,40.589019071162,-0.160087816025,0.095289637876,0.595233542703,1.680012849172
1.000e-30,5.500e+25,454,46.594003710743,0.024552244454,0.113728015099,4.632082224065,0.215885632341
1.000e-30,5.600e+25,457,45.516831969994,-0.004755680190,0.136087266739,28.615731357355,0.034945813109
1.000e-30,5.700e+25,462,47.818262875502,0.044593760881,0.110709142873,2.482615071857,0.402801067043
1.000e-30,5.800e+25,473,48.332554451057,0.053000267099,0.121910790373,2.300191999879,0.434746316852
1.000e-30,5.900e+25,478,47.329937684962,0.030279986082,0.114058232612,3.766786163722,0.265478303396
1.000e-30,6.000e+25,486,45.785705022355,-0.002312700175,0.133988423145,57.935924682029,0.017260447736
1.000e-30,6.100e+25,490,49.334710783269,0.069693090029,0.103549219492,1.485788898862,0.673043122590
1.000e-30,6.200e+25,494,48.824270194050,0.051401095007,0.123573297676,2.404098544203,0.415956326920
1.000e-30,6.300e+25,504,47.981854380897,0.042028267995,0.120265906973,2.861548017800,0.349461198547
1.000e-30,6.400e+25,507,48.971685162824,0.063455587359,0.106166980883,1.673091138241,0.597696071148
1.000e-30,6.500e+25,510,49.130959257495,0.057722161234,0.107949587302,1.870158445105,0.534714051966
1.000e-30,6.600e+25,518,49.387741927874,0.063941768774,0.119879349075,1.874820659091,0.533384350738
1.000e-30,6.700e+25,527,50.291029790860,0.076584942494,0.110222205385,1.439215096290,0.694823173115
1.000e-30,6.800e+25,532,49.178307135460,0.055246259518,0.125003423828,2.262658592981,0.441957970638
1.000e-30,6.900e+25,534,49.364247465837,0.055731130134,0.123661984108,2.218903219998,0.450673103264
1.000e-30,7.000e+25,535,49.601677216183,0.064413255041,0.114293978680,1.774386011205,0.563575227535
1.000e-30,7.100e+25,539,49.980806256809,0.073904322455,0.107470256199,1.454180927845,0.687672339013
1.000e-30,7.200e+25,542,50.741505421963,0.080587285510,0.101688671586,1.261845103024,0.792490296633
1.000e-30,7.300e+25,545,49.862949358902,0.061238098831,0.121966749056,1.991680855292,0.502088473333
1.000e-30,7.400e+25,546,46.778176674210,0.005470958778,0.138933439478,25.394715097062,0.039378272061
1.000e-30,7.500e+25,552,47.545481753003,0.018284154233,0.142979855176,7.819877985788,0.127879233131
1.000e-30,7.600e+25,554,51.039318465532,0.077885631000,0.113539969105,1.457778124762,0.685975446479
1.000e-30,7.700e+25,554,51.039318465532,0.077885631000,0.113539969105,1.457778124762,0.685975446479
1.000e-30,7.800e+25,559,46.860136482026,0.000544768469,0.148718974389,272.994827963121,0.003663073061
1.000e-30,7.900e+25,561,52.000106111128,0.091596173737,0.102341938479,1.117316742648,0.895001356223
1.000e-30,8.000e+25,565,50.131167824937,0.056861544322,0.130514131650,2.295296992152,0.435673467712
1.000e-30,8.100e+25,567,51.897783750119,0.088646798918,0.106319686835,1.199362956509,0.833775959623
1.000e-30,8.200e+25,569,51.464515027350,0.082740096286,0.101790744854,1.230246874530,0.812844983152
1.000e-30,8.300e+25,570,50.838383353145,0.077432491311,0.105388297487,1.361034569637,0.734735195056
1.000e-30,8.400e+25,573,51.990276604695,0.088636308170,0.103686504807,1.169797196521,0.854849031075
1.000e-30,8.500e+25,575,49.136698446382,0.041218493774,0.133949341688,3.249738877441,0.307717031341
1.000e-30,8.600e+25,576,50.397941620258,0.062257631600,0.133859405050,2.150088296156,0.465097178468
1.000e-30,8.700e+25,578,50.126574792481,0.060512814663,0.124407069764,2.055879741461,0.486409773798
1.000e-30,8.800e+25,583,48.212870143631,0.035334211669,0.123304839488,3.489672859905,0.286559812379
1.000e-30,8.900e+25,584,51.047916274428,0.077496850397,0.100778383435,1.300419086959,0.768982868698
1.000e-30,9.000e+25,589,47.633793952130,0.014117540918,0.143890889074,10.192347938450,0.098112820131
1.000e-30,9.100e+25,593,52.560288940637,0.088609659100,0.102442647613,1.156111519374,0.864968459567
1.000e-30,9.200e+25,600,46.475631632308,-0.010250688812,0.145605280507,14.204438665731,0.070400529266
1.000e-30,9.300e+25,602,52.705229302116,0.089938274918,0.101766620319,1.131516258363,0.883769890719
1.000e-30,9.400e+25,604,51.362810673904,0.079587922763,0.102677106081,1.290109133609,0.775128222837
1.000e-30,9.500e+25,606,52.606187344735,0.085045531138,0.103675250679,1.219055831528,0.820306973756
1.000e-30,9.600e+25,607,51.900215595784,0.082170433671,0.105223353258,1.280550053806,0.780914418010
1.000e-30,9.700e+25,611,53.377680931498,0.096237128243,0.098922658657,1.027905346542,0.972852221622
1.000e-30,9.800e+25,611,53.377680931498,0.096237128243,0.098922658657,1.027905346542,0.972852221622
1.000e-30,9.900e+25,613,54.510519834877,0.104769667562,0.101019494980,0.964205550433,1.037123256085
1.000e-30,1.000e+26,614,53.368979091128,0.092722030321,0.105733870777,1.140331703373,0.876937821725
1.000e-30,1.100e+26,632,51.975160366538,0.070592056155,0.119212277567,1.688749188803,0.592154244473
1.000e-30,1.200e+26,649,53.233933056180,0.086254755282,0.113007840177,1.310163593979,0.763263461598
1.000e-30,1.300e+26,662,48.270738393785,0.008471024431,0.148991545929,17.588374008681,0.056855738882
1.000e-30,1.400e+26,674,50.486934382850,0.040893323473,0.143463911801,3.508247792465,0.285042579417
1.000e-30,1.500e+26,689,40.655640404536,-0.181145621484,0.039396657016,0.217486112515,4.597994733708
1.000e-30,1.600e+26,699,39.899520868816,-0.209180082138,0.017301688030,0.082711928656,12.090154542966
1.000e-30,1.700e+26,705,40.390798402253,-0.196123275596,0.050020047951,0.255043914595,3.920893394325
1.000e-30,1.800e+26,714,44.700666554127,-0.061687727818,0.147957146991,2.398485926208,0.416929692634
1.000e-30,1.900e+26,722,40.205784700465,-0.198479125820,0.042632006653,0.214793401961,4.655636490080
1.000e-30,2.000e+26,728,53.101817462268,0.077183766318,0.128364967747,1.663108369422,0.601283727739
1.000e-30,2.100e+26,735,41.419193130365,-0.147801277433,0.093675679465,0.633794789142,1.577797762198
1.000e-30,2.200e+26,742,49.810275882216,0.032123285378,0.156111389666,4.859757893096,0.205771567637
1.000e-30,2.300e+26,753,45.620151059918,-0.036812958601,0.152115204836,4.132110284461,0.242007093509
1.000e-30,2.400e+26,757,54.968529347774,0.107175283163,0.104848691196,0.978291711502,1.022189995318
1.000e-30,2.500e+26,762,52.606387903353,0.073945655400,0.136440332744,1.845143328652,0.541963317685
1.000e-30,2.600e+26,768,54.296482116746,0.093905577647,0.121097659712,1.289568338189,0.775453281836
1.000e-30,2.700e+26,775,53.235801080808,0.093527284143,0.102124763166,1.091924822805,0.915813963667
1.000e-30,2.800e+26,778,55.900317675340,0.113580030041,0.099881062642,0.879389295869,1.137152799901
1.000e-30,2.900e+26,782,49.771576443020,0.038998284809,0.140049562137,3.591172350830,0.278460597907
1.000e-30,3.000e+26,785,48.787467618675,0.018800140062,0.152518633114,8.112632810812,0.123264545964
1.000e-30,3.100e+26,789,50.550945948232,0.038017405700,0.155065847105,4.078811908612,0.245169432277
1.000e-30,3.200e+26,792,55.267764246935,0.100812694302,0.120375719581,1.194053193547,0.837483627534
1.000e-30,3.300e+26,799,48.866127506847,0.012096970553,0.154392339490,12.762892892756,0.078352142293
1.000e-30,3.400e+26,807,55.347933540750,0.097021398323,0.125270616605,1.291164823130,0.774494458094
1.000e-30,3.500e+26,810,47.804575341141,-0.002754027693,0.159505318358,57.917107655114,0.017266055583
1.000e-30,3.600e+26,813,55.372630257025,0.108495902223,0.103396956905,0.953003337326,1.049314268726
1.000e-30,3.700e+26,819,50.626466979876,0.048232756488,0.144107536009,2.987752442538,0.334699751480
1.000e-30,3.800e+26,820,50.085289057689,0.045272033205,0.139400210269,3.079168316508,0.324763019494
1.000e-30,3.900e+26,825,48.388382984736,0.007909518878,0.153434123813,19.398667121835,0.051549933494
1.000e-30,4.000e+26,829,52.521625373735,0.064919268500,0.146129991546,2.250949447257,0.444256978414
1.000e-30,4.100e+26,833,51.031855379873,0.050863399035,0.144394097613,2.838860562823,0.352254003982
1.000e-30,4.200e+26,839,54.921885169888,0.095210415952,0.123861852430,1.300927542344,0.768682318923
1.000e-30,4.300e+26,842,50.746922641034,0.046055255790,0.142392418776,3.091773486730,0.323438959643
1.000e-30,4.400e+26,846,47.446260766472,-0.006530112056,0.152422230465,23.341441795963,0.042842254936
1.000e-30,4.500e+26,848,45.517660769853,-0.045235369897,0.149856638415,3.312820006938,0.301857631234
1.000e-30,4.600e+26,850,53.451805752534,0.074709669020,0.134093348085,1.794859351460,0.557146719706
1.000e-30,4.700e+26,853,51.085897540569,0.045695494876,0.141747309639,3.101997473145,0.322372925400
1.000e-30,4.800e+26,858,54.747377685912,0.099721745068,0.099168126276,0.994448364377,1.005582628341
1.000e-30,4.900e+26,860,57.306627424441,0.118123686052,0.097967600473,0.829364573248,1.205742362594
1.000e-30,5.000e+26,866,46.711206232904,-0.015767948077,0.136361130397,8.647994636327,0.115633744244
1.000e-30,5.100e+26,868,55.876704324671,0.107412263339,0.099152354198,0.923100874297,1.083305224645
1.000e-30,5.200e+26,871,42.656883711349,-0.118548761900,0.122208015582,1.030867076331,0.970057171249
1.000e-30,5.300e+26,876,48.868225856071,0.012383519483,0.147619478809,11.920640090155,0.083888112755
1.000e-30,5.400e+26,881,52.632316446313,0.067466311900,0.134016174407,1.986416192506,0.503419174578
1.000e-30,5.500e+26,882,46.547112253097,-0.023921609544,0.148522342452,6.208710253304,0.161064046992
1.000e-30,5.600e+26,884,55.898565405404,0.105706732405,0.101982791605,0.964771015857,1.036515384028
1.000e-30,5.700e+26,891,55.121013893715,0.101012195523,0.104263416877,1.032186423997,0.968817237615
1.000e-30,5.800e+26,895,50.644181440022,0.041773838454,0.141423918002,3.385466196885,0.295380293834
1.000e-30,5.900e+26,897,52.712510534875,0.075878687027,0.117790523102,1.552353206364,0.644183292759
1.000e-30,6.000e+26,903,55.349129208652,0.102187676087,0.099025686551,0.969057036446,1.031931003429
1.000e-30,6.100e+26,904,53.681065458142,0.069330441912,0.135462921357,1.953873617723,0.511803829546
1.000e-30,6.200e+26,905,51.996436848464,0.056257181798,0.134840806067,2.396863862661,0.417211847355
1.000e-30,6.300e+26,906,54.378312718367,0.090027074365,0.105539318221,1.172306430764,0.853019290655
1.000e-30,6.400e+26,910,48.666795307440,0.003979629531,0.147969682465,37.181773152101,0.026894898097
1.000e-30,6.500e+26,911,53.723306699782,0.077649902145,0.124458496927,1.602815888870,0.623901975856
1.000e-30,6.600e+26,913,52.185745969640,0.054310665515,0.138162878486,2.543936392187,0.393091589503
1.000e-30,6.700e+26,916,55.545080812270,0.106258326416,0.093985117074,0.884496493062,1.130586732502
1.000e-30,6.800e+26,917,56.482567649135,0.109015984841,0.094961705392,0.871080562455,1.147999442418
1.000e-30,6.900e+26,919,55.433592749578,0.102501659315,0.096076443585,0.937315983237,1.066876077955
1.000e-30,7.000e+26,919,55.433592749578,0.102501659315,0.096076443585,0.937315983237,1.066876077955
1.000e-30,7.100e+26,926,55.646243826987,0.092300012283,0.119268494325,1.292182865144,0.773884275186
1.000e-30,7.200e+26,930,45.957454211151,-0.040714341340,0.142439087992,3.498499135806,0.285836857801
1.000e-30,7.300e+26,931,57.782702926540,0.114771040273,0.099502386001,0.866964225165,1.153450132051
1.000e-30,7.400e+26,933,48.956405751442,0.014381908641,0.144471760752,10.045381621791,0.099548233970
1.000e-30,7.500e+26,937,57.238169379644,0.114928042725,0.097888108485,0.851733886390,1.174075630874
1.000e-30,7.600e+26,940,55.764109995198,0.105117675308,0.093953989950,0.893798209244,1.118820769227
1.000e-30,7.700e+26,940,55.764109995198,0.105117675308,0.093953989950,0.893798209244,1.118820769227
1.000e-30,7.800e+26,943,56.183307999050,0.103138802779,0.102570367102,0.994488634141,1.005541909349
1.000e-30,7.900e+26,946,52.678356250894,0.058282320813,0.139243292279,2.389117151418,0.418564656575
1.000e-30,8.000e+26,948,54.781928348263,0.089313835818,0.113192439372,1.267356153007,0.789044182748
1.000e-30,8.100e+26,950,58.643911156428,0.122743801972,0.086237109548,0.702578119322,1.423329267591
1.000e-30,8.200e+26,956,56.545135685987,0.106577357243,0.100703648389,0.944887835406,1.058326673843
1.000e-30,8.300e+26,957,52.953321410338,0.059687351763,0.138391106142,2.318600206806,0.431294708361
1.000e-30,8.400e+26,961,52.911526253703,0.059994400074,0.139470008485,2.324717112148,0.430159865377
1.000e-30,8.500e+26,961,52.911526253703,0.059994400074,0.139470008485,2.324717112148,0.430159865377
1.000e-30,8.600e+26,964,57.057621293038,0.110400135218,0.095279427716,0.863037237477,1.158698555027
1.000e-30,8.700e+26,964,57.057621293038,0.110400135218,0.095279427716,0.863037237477,1.158698555027
1.000e-30,8.800e+26,968,52.793305876422,0.063254433640,0.133781818928,2.114979318116,0.472817862300
1.000e-30,8.900e+26,970,52.492154151595,0.060355884382,0.127823649596,2.117832435126,0.472180888069
1.000e-30,9.000e+26,971,55.590365195281,0.088674753524,0.124944255540,1.409017229537,0.709714529416
1.000e-30,9.100e+26,974,54.985208414853,0.093005478441,0.114191427521,1.227792485295,0.814469881496
1.000e-30,9.200e+26,978,57.369375235910,0.109112653134,0.103228216235,0.946070077755,1.057004151715
1.000e-30,9.300e+26,981,51.956504827279,0.049364278028,0.138177798218,2.799145530671,0.357251878848
1.000e-30,9.400e+26,985,56.700513633602,0.095693528524,0.119861310536,1.252553985470,0.798368782184
1.000e-30,9.500e+26,988,55.179723741041,0.094671028806,0.108555090087,1.146655861419,0.872101241224
1.000e-30,9.600e+26,990,53.226951489979,0.060413112209,0.140010545358,2.317552270324,0.431489728540
1.000e-30,9.700e+26,993,53.963895792407,0.073275099366,0.129876334105,1.772448420108,0.564191312230
1.000e-30,9.800e+26,994,53.413402721429,0.069061624320,0.133716760024,1.936194830933,0.516476949542
1.000e-30,9.900e+26,999,58.137510229933,0.113220873748,0.103885938540,0.917551111387,1.089857543182
1.000e-30,1.000e+27,1001,57.323210927255,0.114002150800,0.095877591004,0.841015632874,1.189038539726
1.000e-30,1.100e+27,1034,49.232777053156,0.005804705093,0.149185103473,25.700720552208,0.038909414931
1.000e-30,1.200e+27,1071,58.399041456498,0.109311464271,0.097170475233,0.888932152550,1.124945247094
1.000e-30,1.300e+27,1102,57.001109758456,0.097429197091,0.101248169788,1.039197415268,0.962281069321
1.000e-30,1.400e+27,1126,59.502502195008,0.115662946665,0.088759365759,0.767396718813,1.303106953008
1.000e-30,1.500e+27,1146,54.659835573009,0.067373733912,0.125835905515,1.867729428185,0.535409457553
1.000e-30,1.600e+27,1175,57.689742871382,0.091620780206,0.110094495791,1.201632375791,0.832201278983
1.000e-30,1.700e+27,1198,42.297935645384,-0.131449785011,0.073913492456,0.562294510027,1.778427464908
1.000e-30,1.800e+27,1220,46.394553642349,-0.038467543444,0.110326119680,2.868031327274,0.348671226318
1.000e-30,1.900e+27,1241,43.555143175799,-0.100481924946,0.100725595418,1.002425017959,0.997580848526
1.000e-30,2.000e+27,1260,45.288424137490,-0.073755201882,0.129693623667,1.758433579705,0.568687957021
1.000e-30,2.100e+27,1274,40.934095044212,-0.181092529567,0.053578533025,0.295862745711,3.379945648769
1.000e-30,2.200e+27,1284,42.014636535931,-0.145472714476,0.063194022380,0.434404641499,2.302001186152
1.000e-30,2.300e+27,1304,46.748126808472,-0.047535333666,0.125866437484,2.647850089129,0.377664885224
1.000e-30,2.400e+27,1318,41.575388476116,-0.159934707739,0.041805792972,0.261392874401,3.825658990488
1.000e-30,2.500e+27,1334,44.474685117511,-0.089496125901,0.100075659342,1.118212194488,0.894284649130
1.000e-30,2.600e+27,1343,43.281231107787,-0.116714066053,0.105086091119,0.900372120284,1.110651893225
1.000e-30,2.700e+27,1355,43.850201753354,-0.093351739872,0.020441777559,0.218975860413,4.566713418157
1.000e-30,2.800e+27,1366,43.861235625793,-0.102267203722,0.100354278516,0.981294832202,1.019061720478
1.000e-30,2.900e+27,1372,44.799589583695,-0.081036250781,0.094842503449,1.170371315729,0.854429689587
1.000e-30,3.000e+27,1377,42.437523032552,-0.143322763310,0.057030201613,0.397914471478,2.513102869283
1.000e-30,3.100e+27,1380,41.142742379907,-0.177355107338,0.031690187222,0.178682123663,5.596530752475
1.000e-30,3.200e+27,1387,39.997170191452,-0.218249239784,0.021112269589,0.096734676420,10.337554608258
1.000e-30,3.300e+27,1391,40.276968971165,-0.204792968867,0.027234090905,0.132983525048,7.519728474921
1.000e-30,3.400e+27,1396,40.611014923724,-0.188707060982,0.022576565118,0.119638157685,8.358537270661
1.000e-30,3.500e+27,1402,40.345857209444,-0.200939761818,0.030203421146,0.150310823864,6.652880839126
1.000e-30,3.600e+27,1409,43.507859300983,-0.108602591310,0.067907116311,0.625280810451,1.599281448089
1.000e-30,3.700e+27,1417,41.005187547246,-0.111994803414,0.055452460750,0.495134229984,2.019654347130
1.000e-30,3.800e+27,1420,40.773610082465,-0.172427302699,0.029522621516,0.171217788910,5.840514623907
1.000e-30,3.900e+27,1427,43.962436982123,-0.106574384166,0.081240374411,0.762288002383,1.311840140306
1.000e-30,4.000e+27,1430,40.547863755542,-0.170812584788,0.036084371190,0.211251244952,4.733699913703
1.000e-30,4.100e+27,1434,41.189643275567,-0.117065092329,0.062000521842,0.529624336418,1.888130758421
1.000e-30,4.200e+27,1439,45.171958206121,-0.071123241074,0.076858165760,1.080633624106,0.925383013903
1.000e-30,4.300e+27,1442,40.356378174622,-0.207440569303,0.031753784819,0.153074130706,6.532782485109
1.000e-30,4.400e+27,1454,44.075457533130,-0.099320141487,0.072971614332,0.734711139556,1.361079131868
1.000e-30,4.500e+27,1462,41.074013055853,-0.186519291292,0.043494402675,0.233189834540,4.288351599766
1.000e-30,4.600e+27,1465,40.991732865631,-0.186262656769,0.040733996877,0.218691162168,4.572658492852
1.000e-30,4.700e+27,1471,40.661462945419,-0.187861014917,0.033430502833,0.177953381376,5.619449275247
1.000e-30,4.800e+27,1476,43.176745868835,-0.127010191531,0.063821399971,0.502490384448,1.990087832422
1.000e-30,4.900e+27,1477,40.214167247151,-0.209949213380,0.016697185925,0.079529642697,12.573927985662
1.000e-30,5.000e+27,1479,41.529439774416,-0.169775335936,0.048804810961,0.287467026304,3.478659840950
1.000e-30,5.100e+27,1480,40.853087265176,-0.174574684608,0.018361505645,0.105178512487,9.507645395984
1.000e-30,5.200e+27,1481,43.511882424803,-0.114261224365,0.065239070446,0.570964216499,1.751423243530
1.000e-30,5.300e+27,1487,40.561527186436,-0.176655755613,0.040565444558,0.229629906016,4.354833468131
1.000e-30,5.400e+27,1491,40.320839627364,-0.206676184974,0.022234595044,0.107581795392,9.295252940828
1.000e-30,5.500e+27,1494,40.756597465888,-0.192900330279,0.028266649814,0.146534999569,6.824308205822
1.000e-30,5.600e+27,1497,40.636110269819,-0.177659176950,0.030526949898,0.171828725216,5.819748698855
1.000e-30,5.700e+27,1503,45.491464755480,-0.068664432311,0.079407833560,1.156462390889,0.864706027518
1.000e-30,5.800e+27,1504,44.878315935195,-0.079123324244,0.081162017837,1.025766025536,0.974881186455
1.000e-30,5.900e+27,1504,44.878315935195,-0.079123324244,0.081162017837,1.025766025536,0.974881186455
1.000e-30,6.000e+27,1508,45.458998553387,-0.071616463154,0.082854433670,1.156918814767,0.864364886486
1.000e-30,6.100e+27,1511,45.773776585687,-0.061592432488,0.083167054914,1.350280408731,0.740586913306
1.000e-30,6.200e+27,1515,45.324151121779,-0.074282878341,0.081166940311,1.092673602911,0.915186380760
1.000e-30,6.300e+27,1516,45.381769557649,-0.071565030260,0.079069206169,1.104858139246,0.905093572178
1.000e-30,6.400e+27,1519,45.676874143860,-0.068739668956,0.084805857968,1.233725143806,0.810553310857
1.000e-30,6.500e+27,1521,43.952061755887,-0.102826770397,0.090198186161,0.877185832183,1.140009292571
1.000e-30,6.600e+27,1526,44.062806450879,-0.097127306342,0.071143769031,0.732479584890,1.365225762776
1.000e-30,6.700e+27,1527,43.159319543124,-0.119943789641,0.061673854984,0.514189648071,1.944807725614
1.000e-30,6.800e+27,1528,41.185574367219,-0.176721623293,0.042430702391,0.240099098231,4.164946921359
1.000e-30,6.900e+27,1531,45.035575610179,-0.074685090562,0.086920828822,1.163831069459,0.859231228863
1.000e-30,7.000e+27,1531,45.035575610179,-0.074685090562,0.086920828822,1.163831069459,0.859231228863
1.000e-30,7.100e+27,1534,46.079434041261,-0.056282676541,0.087240544447,1.550042567432,0.645143572836
1.000e-30,7.200e+27,1535,43.079741050920,-0.128232372172,0.095591129395,0.745452398455,1.341467278222
1.000e-30,7.300e+27,1536,46.847663254324,-0.048099746494,0.103163273933,2.144777913673,0.466248740079
1.000e-30,7.400e+27,1537,43.351247332249,-0.120002448256,0.084951905666,0.707918104172,1.412592776066
1.000e-30,7.500e+27,1538,40.102925448783,-0.219415939510,0.050123420219,0.228440195963,4.377513317157
1.000e-30,7.600e+27,1539,41.440034910725,-0.171333465533,0.071197094963,0.415546926233,2.406467084394
1.000e-30,7.700e+27,1540,46.259629270528,-0.045770550699,0.088005838542,1.922761190292,0.520085388164
1.000e-30,7.800e+27,1542,43.840401621423,-0.097402166149,0.094903773470,0.974349721593,1.026325535728
1.000e-30,7.900e+27,1543,45.637812108890,-0.065006771198,0.089264574353,1.373158098900,0.728248262746
1.000e-30,8.000e+27,1544,42.812964802354,-0.131162588924,0.066435110201,0.506509598092,1.974296249798
1.000e-30,8.100e+27,1546,40.112280002292,-0.196750897104,0.037472735376,0.190457761195,5.250508006201
1.000e-30,8.200e+27,1549,40.077302469781,-0.198948319891,0.033248321106,0.167120391489,5.983710252774
1.000e-30,8.300e+27,1550,39.979417418640,-0.219623005013,0.032012830044,0.145762644682,6.860468278294
1.000e-30,8.400e+27,1551,40.669180776021,-0.192086520142,0.055548977349,0.289187275129,3.457966812520
1.000e-30,8.500e+27,1551,40.669180776021,-0.192086520142,0.055548977349,0.289187275129,3.457966812520
1.000e-30,8.600e+27,1552,39.185735926180,-0.253300876640,0.001429113901,0.005641961923,177.243308915468
1.000e-30,8.700e+27,1552,39.185735926180,-0.253300876640,0.001429113901,0.005641961923,177.243308915468
1.000e-30,8.800e+27,1553,39.389262053902,-0.244553684438,0.001881953069,0.007695459890,129.946749685989
1.000e-30,8.900e+27,1553,39.389262053902,-0.244553684438,0.001881953069,0.007695459890,129.946749685989
1.000e-30,9.000e+27,1554,39.539828421932,-0.232621395581,0.012752807481,0.054822160484,18.240798815172
1.000e-30,9.100e+27,1554,39.539828421932,-0.232621395581,0.012752807481,0.054822160484,18.240798815172
1.000e-30,9.200e+27,1556,40.942108544825,-0.185633945848,0.056735315546,0.305630068287,3.271929380524
1.000e-30,9.300e+27,1559,39.533485262329,-0.233708598815,0.012820034192,0.054854781798,18.229951286329
1.000e-30,9.400e+27,1559,39.533485262329,-0.233708598815,0.012820034192,0.054854781798,18.229951286329
1.000e-30,9.500e+27,1560,39.290397513987,-0.247437653443,0.004641263162,0.018757303496,53.312567033685
1.000e-30,9.600e+27,1562,42.617429533484,-0.133233850578,0.065800534139,0.493872494519,2.024814119226
1.000e-30,9.700e+27,1562,42.617429533484,-0.133233850578,0.065800534139,0.493872494519,2.024814119226
1.000e-30,9.800e+27,1562,42.617429533484,-0.133233850578,0.065800534139,0.493872494519,2.024814119226
1.000e-30,9.900e+27,1564,39.605362182796,-0.234533980008,0.024024628159,0.102435596575,9.762231425757
1.000e-30,1.000e+28,1564,39.605362182796,-0.234533980008,0.024024628159,0.102435596575,9.762231425757
1.000e-30,1.100e+28,1572,41.124841335342,-0.177058894088,0.065802639103,0.371642664109,2.690756731061
1.000e-30,1.200e+28,1582,39.785131244077,-0.227739373644,0.031114380837,0.136622755826,7.319424893433
1.000e-30,1.300e+28,1587,41.458539578286,-0.165372954192,0.068442292988,0.413866301917,2.416239242883
1.000e-30,1.400e+28,1589,41.489562386647,-0.163764722045,0.066472681916,0.405903549228,2.463639457952
1.000e-30,1.500e+28,1594,40.608993408124,-0.190321886841,0.058821910110,0.309065400130,3.235561145240
1.000e-30,1.600e+28,1599,43.498566683573,-0.109174626966,0.083864617315,0.768169488146,1.301796042972
1.000e-30,1.700e+28,1602,40.601385443046,-0.192402981674,0.058815313968,0.305688162711,3.271307567588
1.000e-30,1.800e+28,1606,39.569469264274,-0.235215435152,0.020521353857,0.087244928650,11.461984271969
1.000e-30,1.900e+28,1614,39.743471726020,-0.226517464546,0.021634436101,0.095508909852,10.470227348936
1.000e-30,2.000e+28,1618,39.694277717783,-0.228679739859,0.023952615699,0.104743059941,9.547171913452
1.000e-30,2.100e+28,1620,40.328012726071,-0.202653894912,0.047443201551,0.234109497731,4.271505469423
1.000e-30,2.200e+28,1622,39.700505949052,-0.228418367342,0.025939910658,0.113563155886,8.805672862823
1.000e-30,2.300e+28,1623,40.364683100225,-0.204280418074,0.050243033701,0.245951296629,4.065845611323
1.000e-30,2.400e+28,1624,39.255136061754,-0.248631230542,0.004958545547,0.019943373713,50.141967672629
1.000e-30,2.500e+28,1629,39.923135460786,-0.213876964896,0.028657197830,0.133989173842,7.463289542910
1.000e-30,2.600e+28,1631,40.106598552541,-0.211644725642,0.032867741045,0.155296764164,6.439284201330
1.000e-30,2.700e+28,1635,40.653490209681,-0.191784905805,0.049101971175,0.256026254875,3.905849423485
1.000e-30,2.800e+28,1635,40.653490209681,-0.191784905805,0.049101971175,0.256026254875,3.905849423485
1.000e-30,2.900e+28,1636,39.425498026951,-0.237767007311,0.009493980455,0.039929763857,25.043974804677
1.000e-30,3.000e+28,1636,39.425498026951,-0.237767007311,0.009493980455,0.039929763857,25.043974804677
1.000e-30,3.100e+28,1638,41.007481505271,-0.180266224063,0.053299127501,0.295668962826,3.382160881691
1.000e-30,3.200e+28,1638,41.007481505271,-0.180266224063,0.053299127501,0.295668962826,3.382160881691
1.000e-30,3.300e+28,1639,39.564303027526,-0.229116977241,0.015379823510,0.067126511946,14.897243592872
1.000e-30,3.400e+28,1639,39.564303027526,-0.229116977241,0.015379823510,0.067126511946,14.897243592872
1.000e-30,3.500e+28,1639,39.564303027526,-0.229116977241,0.015379823510,0.067126511946,14.897243592872
1.000e-30,3.600e+28,1640,39.938303833616,-0.220444877389,0.035231245854,0.159818845742,6.257084359215
1.000e-30,3.700e+28,1640,39.938303833616,-0.220444877389,0.035231245854,0.159818845742,6.257084359215
1.000e-30,3.800e+28,1644,40.927988560201,-0.181293065353,0.059756692461,0.329613779457,3.033853747395
1.000e-30,3.900e+28,1645,40.020149976823,-0.217540128562,0.038793452079,0.178327797890,5.607650696268
1.000e-30,4.000e+28,1645,40.020149976823,-0.217540128562,0.038793452079,0.178327797890,5.607650696268
1.000e-30,4.100e+28,1645,40.020149976823,-0.217540128562,0.038793452079,0.178327797890,5.607650696268
1.000e-30,4.200e+28,1650,39.708215431061,-0.227301330439,0.019758913887,0.086928280836,11.503736072854
1.000e-30,4.300e+28,1650,39.708215431061,-0.227301330439,0.019758913887,0.086928280836,11.503736072854
1.000e-30,4.400e+28,1651,39.949777786098,-0.220687511988,0.034929189217,0.158274425691,6.318140126766
1.000e-30,4.500e+28,1651,39.949777786098,-0.220687511988,0.034929189217,0.158274425691,6.318140126766
1.000e-30,4.600e+28,1651,39.949777786098,-0.220687511988,0.034929189217,0.158274425691,6.318140126766
1.000e-30,4.700e+28,1652,39.770298640581,-0.214197139028,0.020027658593,0.093501055542,10.695066426798
1.000e-30,4.800e+28,1652,39.770298640581,-0.214197139028,0.020027658593,0.093501055542,10.695066426798
1.000e-30,4.900e+28,1652,39.770298640581,-0.214197139028,0.020027658593,0.093501055542,10.695066426798
1.000e-30,5.000e+28,1652,39.770298640581,-0.214197139028,0.020027658593,0.093501055542,10.695066426798
1.000e-30,5.100e+28,1652,39.770298640581,-0.214197139028,0.020027658593,0.093501055542,10.695066426798
